Nombre del Atributo en CSV,Definición,Unidad de medida,Tipo de dato,Longitud,Códigos válidos
clave_entidad,"Clave de entidad. Código oficial del estado que se conforma de un número consecutivo justificado con ceros a la izquierda; corresponde al código numérico que representa a cada una de las 32 entidades en que se divide geográficamente el país; se clasifican de acuerdo albateicamente, con el orden de sus nombres oficiales y la clave numérica se asigna con una longitud de dos dígitos. ",,alfanumérico,2,01…...32
entidad_federativa,"Entidad federativa. Es la designación oficial de la entidad federativa; el país se encuentra dividido en 32 entidades y cada una de éstas cuenta con un nombre oficial, único e irrepetible.",,alfanumérico,60,Alfanumérico
clave_municipio,"Clave municipio. Código oficial del municipio o delegación que se conforma de un número consecutivo justificado con ceros a la izquierda; es decir, corresponde al código numérico que identifica a los municipios existentes en el país. Se clasifican de acuerdo con el orden alfabético de los nombres de los municipios y se identifican por tres dígitos.",,alfanumérico,5,001…...570
municipio,"Municipio. Es la designación oficial del municipio que forma parte de las entidades federativas, cada municipio cuenta con un nombre oficial y se distinguen por ser entidades administrativas que forman parte de los estados y éstos pueden ser pueblos o ciudades, dependiendo de la región que se trate.",,alfanumérico,100,Alfanumérico
clave_actividad_economica,"Clave actividad económica. Representa la estructura del Sistema de Clasificación Industrial de América del Norte, México (SCIAN 2013), mediante el que se recolecta, agrupa, organiza y se genera de manera ordenada la información estadística de la economía nacional. Los datos se presentan organizados de manera sistemática en 5 niveles de agregación: el sector es el nivel más general, se identifica comunmente con dos dígitos. Cada uno de ellos, se divide en subsectores, que se identifican con tres dígitos. Cada uno de estos, en ramas, identificadas con cuatro dígitos, que a su vez se desagregan en subramas, identificadas con 5 dígitos. Éstas finalmente en clases, que corresponde al  nivel más desagregado, que se identifica con seis dígitos.
Existren casos en los que el número de unidades económicas debe ser reservado por los principios de confidencialidad. En tales situaciones la información se agrupa con otra actividad del mismo nivel y se presentan con una o más letras ""C"" en la parte final de su clave de actividad.",,alfanumérico,25,Null ó 6
actividad_economica,Actividad económica. Conjunto de acciones y recursos que emplean las unidades económicas para producir bienes o proporcionar servicios.,,alfanumérico,200,Alfanumérico
anio_censal,"Año censal. Corresponde a la referencia temporal de la actividad económica en el país, y ubica la información estadística económica en un periodo anual específico que comprende del 1 de enero al 31 de diciembre.",,int,10,"2004, 2009, 2014"
UE ,"Unidades económicas. Son las unidades estadísticas sobre las cuales se recopilan datos, se dedican principalmente a un tipo de actividad de manera permanente en construcciones e instalaciones fijas, combinando acciones y recursos bajo el control de una sola entidad propietaria o controladora, para llevar a cabo producción de bienes y servicios, sea con fines mercantiles o no. Se definen por sector, de acuerdo con la disponibilidad de registros contables y la necesidad de obtener información con el mayor nivel de precisión analítica.",,int,10,De 3 a 99999999999 ó Null
A111A ,"Producción bruta total. Es el valor de todos los bienes y servicios producidos o comercializados por la unidad económica como resultado del ejercicio de sus actividades, comprendiendo el valor de los productos elaborados; el margen bruto de comercialización; las obras ejecutadas; los ingresos por la prestación de servicios, así como el alquiler de maquinaria y equipo, y otros bienes muebles e inmuebles; el valor de los activos fijos producidos para uso propio, entre otros. Incluye: la variación de existencias de productos en proceso. Los bienes y servicios se valoran a precios productor.",millones de pesos,float,15,De - 99999999999999 a 99999999999999 ó Null
M091A ,"Otros componentes de la producción bruta total. Es el valor de los otros componentes de la Producción Bruta Total que complementan la producción, como las regalías y otros servicios, incluidos los intereses, dividendos, ingresos por cambios y otros ingresos netos de las organizaciones financieras y corporativas.",millones de pesos,float,15,De - 99999999999999 a 99999999999999 ó Null
A121A ,"Consumo intermedio. Es el importe de los bienes y servicios consumidos por la unidad económica para el desarrollo de sus actividades, tanto los materiales que se integraron físicamente a los productos obtenidos (bienes y servicios), como todos aquéllos que proporcionaron las condiciones propicias para llevar a cabo la producción. Incluye: los gastos por contratación de servicios de vigilancia, intendencia, jardinería; pagos a terceros por servicios de reparación y mantenimiento corriente; los gastos por la reparación de activos fijos para uso propio, y aquéllos para mejorar las condiciones de trabajo. Excluye: las mercancías compradas para su reventa. Los bienes y servicios se valoran a precios comprador. ",millones de pesos,float,15,De - 99999999999999 a 99999999999999 ó Null
A131A," Valor agregado censal bruto. Es el valor de la producción que se añade durante el proceso de trabajo por la actividad creadora y de transformación del personal ocupado, el capital y la organización (factores de la producción), ejercida sobre los materiales que se consumen en la realización de la actividad económica. Aritméticamente, el Valor Agregado Censal Bruto (VACB) resulta de restar a la Producción Bruta Total el Consumo Intermedio. Se le llama bruto porque no se le ha deducido el consumo de capital fijo.",millones de pesos,float,15,De - 99999999999999 a 99999999999999 ó Null
A211A ,"Inversión. Es el incremento en activos, insumos y productos que experimentaron las unidades económicas durante el año de referencia. Se obtiene sumando a la Formación Bruta de Capital Fijo la variación de Existencias.",millones de pesos,float,15,De - 99999999999999 a 99999999999999 ó Null
A221A ,"Formación bruta de capital fijo. Es el valor de los activos fijos comprados por la unidad económica (hayan sido nacionales o importados, nuevos o usados), menos el valor de las ventas de activos fijos realizadas. Incluye: como parte de las compras de activos fijos, el valor de las renovaciones, mejoras y reformas mayores realizadas a los activos fijos que prolongaron su vida útil en más de un año o aumentaron su productividad, y los activos fijos producidos por la unidad económica para uso propio.",millones de pesos,float,15,De - 99999999999999 a 99999999999999 ó Null
O010A,"Valor de productos elaborados, bienes generados y extraídos. Es el valor de los bienes que transformó, procesó o benefició la unidad económica durante el periodo de referencia, con fines de lucro o no. Incluye la producción defectuosa y los productos maquilados por otra razón social para la unidad económica, así como el valor de la energía eléctrica generada, del agua suministrada, de las obras de construcción realizadas como contratista principal y subcontratista; el valor del petróleo crudo, del gas natural, de los condensados, de los minerales extraídos y beneficiados, y de la producción pesquera o acuícola.",millones de pesos,float,15,De - 99999999999999 a 99999999999999 ó Null
O020A ,"Activos fijos producidos para uso propio. Es el valor de la producción de los bienes muebles e inmuebles, o las mejoras que aumentan su productividad o vida útil. Siempre que hayan sido realizadas por la unidad económica con recursos y personal propios, para ser utilizados en la producción y operación de la unidad económica. Valorados de acuerdo a la cantidad de materiales y mano de obra utilizada durante el periodo.",millones de pesos,float,15,De - 99999999999999 a 99999999999999 ó Null
A511A,"Margen por reventa de mercancías. Es el diferencial que obtuvo la unidad económica entre el valor de las mercancías adquiridas para la reventa que fueron vendidas y el valor de las ventas netas de mercancías adquiridas para la reventa, considerando la variación de sus existencias.",millones de pesos,float,15,De - 99999999999999 a 99999999999999 ó Null
H001A ,"Personal ocupado total. Comprende a todas las personas que trabajaron durante el periodo de referencia dependiendo contractualmente o no de la unidad económica, sujetas a su dirección y control.",Personas,float,15,De - 99999999999999 a 99999999999999 ó Null
H001B,"Personal ocupado total, hombres. Comprende a todas las personas que trabajaron durante el periodo de referencia dependiendo contractualmente o no de la unidad económica, sujetas a su dirección y control.",Personas,float,15,De - 99999999999999 a 99999999999999 ó Null
H001C,"Personal ocupado total, mujeres. Comprende a todas las personas que trabajaron durante el periodo de referencia dependiendo contractualmente o no de la unidad económica, sujetas a su dirección y control.",Personas,float,15,De - 99999999999999 a 99999999999999 ó Null
H001D,"Horas trabajadas por personal ocupado total. Es el total de horas trabajadas en el año de referencia por el personal ocupado total, comprende las horas normales y extraordinarias dedicadas a las actividades. Incluye: tiempo de espera, preparación de labores, mantenimiento y limpieza. Excluye: el tiempo de suspensión de labores por huelgas, paros, vacaciones, licencias temporales por incapacidad y fenómenos naturales.",miles de horas,float,15,De - 99999999999999 a 99999999999999 ó Null
H000A ,"Personal dependiente de la razón social. Comprende al personal contratado directamente por esta razón social, de planta y eventual y no remunerado, sea o no sindicalizado, que trabajó durante el año de referencia para la unidad económica, sujeto a su dirección y control, cubriendo como mínimo una tercera parte de la jornada laboral de la misma. Incluye: al personal que trabajó fuera de la unidad económica bajo su control laboral y legal; trabajadores a destajo; trabajadores en huelga; personas con licencia por enfermedad, vacaciones o permiso temporal. Excluye: pensionados y jubilados; personal con licencia ilimitada y personal que trabajó exclusivamente por honorarios o comisiones sin recibir un sueldo base; así como el personal de la empresa contratada para proporcionar un servicio, como limpieza, jardinería o vigilancia, entre otros.",Personas,float,15,De - 99999999999999 a 99999999999999 ó Null
H000B ,"Personal dependiente de la razón social, hombres. Comprende al personal contratado directamente por esta razón social, de planta y eventual y no remunerado, sea o no sindicalizado, que trabajó durante el año de referencia para la unidad económica, sujeto a su dirección y control, cubriendo como mínimo una tercera parte de la jornada laboral de la misma. Incluye: al personal que trabajó fuera de la unidad económica bajo su control laboral y legal; trabajadores a destajo; trabajadores en huelga; personas con licencia por enfermedad, vacaciones o permiso temporal. Excluye: pensionados y jubilados; personal con licencia ilimitada y personal que trabajó exclusivamente por honorarios o comisiones sin recibir un sueldo base; así como el personal de la empresa contratada para proporcionar un servicio, como limpieza, jardinería o vigilancia, entre otros.",Personas,float,15,De - 99999999999999 a 99999999999999 ó Null
H000C ,"Personal dependiente de la razón social, mujeres. Comprende al personal contratado directamente por esta razón social, de planta y eventual y no remunerado, sea o no sindicalizado, que trabajó durante el año de referencia para la unidad económica, sujeto a su dirección y control, cubriendo como mínimo una tercera parte de la jornada laboral de la misma. Incluye: al personal que trabajó fuera de la unidad económica bajo su control laboral y legal; trabajadores a destajo; trabajadores en huelga; personas con licencia por enfermedad, vacaciones o permiso temporal. Excluye: pensionados y jubilados; personal con licencia ilimitada y personal que trabajó exclusivamente por honorarios o comisiones sin recibir un sueldo base; así como el personal de la empresa contratada para proporcionar un servicio, como limpieza, jardinería o vigilancia, entre otros.",Personas,float,15,De - 99999999999999 a 99999999999999 ó Null
H000D ,"Horas trabajadas por personal dependiente de la razón social. Es el total de horas trabajadas en el año de referencia por el personal dependiente de la razón social, comprende las horas normales y extraordinarias dedicadas a las actividades. Incluye: tiempo de espera, preparación de labores, mantenimiento y limpieza. Excluye: el tiempo de suspensión de labores por huelgas, paros, vacaciones, licencias temporales por incapacidad y fenómenos naturales.",miles de horas,float,15,De - 99999999999999 a 99999999999999 ó Null
H010A ,"Personal remunerado. Comprende a todas las personas que trabajaron durante el periodo de referencia dependiendo contractualmente de la unidad económica, sujetas a su dirección y control, a cambio de una remuneración fija y periódica.",Personas,float,15,De - 99999999999999 a 99999999999999 ó Null
H010B ,"Personal remunerado, hombres. Comprende a todas las personas que trabajaron durante el periodo de referencia dependiendo contractualmente de la unidad económica, sujetas a su dirección y control, a cambio de una remuneración fija y periódica.",Personas,float,15,De - 99999999999999 a 99999999999999 ó Null
H010C ,"Personal remunerado, mujeres. Comprende a todas las personas que trabajaron durante el periodo de referencia dependiendo contractualmente de la unidad económica, sujetas a su dirección y control, a cambio de una remuneración fija y periódica.",Personas,float,15,De - 99999999999999 a 99999999999999 ó Null
H010D ,"Horas trabajadas por personal remunerado. Es el total de horas trabajadas en el año de referencia por el personal remunerado, comprende las horas normales y extraordinarias dedicadas a las actividades. Incluye: tiempo de espera, preparación de labores, mantenimiento y limpieza. Excluye: el tiempo de suspensión de labores por huelgas, paros, vacaciones, licencias temporales por incapacidad y fenómenos naturales.",miles de horas,float,15,De - 99999999999999 a 99999999999999 ó Null
H101A ,"Personal de producción, ventas y servicios. Comprende a todas las personas que trabajaron durante el periodo de referencia dependiendo contractualmente de la unidad económica, sujetas a su dirección y control, a cambio de una remuneración fija y periódica por su participación en las actividades de producción, comercialización o prestación de servicios.",Personas,float,15,De - 99999999999999 a 99999999999999 ó Null
H101B ,"Personal de producción, ventas y servicios, hombres. Comprende a todas las personas que trabajaron durante el periodo de referencia dependiendo contractualmente de la unidad económica, sujetas a su dirección y control, a cambio de una remuneración fija y periódica por su participación en las actividades de producción, comercialización o prestación de servicios.",Personas,float,15,De - 99999999999999 a 99999999999999 ó Null
H101C ,"Personal de producción, ventas y servicios, mujeres. Comprende a todas las personas que trabajaron durante el periodo de referencia dependiendo contractualmente de la unidad económica, sujetas a su dirección y control, a cambio de una remuneración fija y periódica por su participación en las actividades de producción, comercialización o prestación de servicios.",Personas,float,15,De - 99999999999999 a 99999999999999 ó Null
H101D ,"Horas trabajadas por personal de producción, ventas y servicios. Es el total de horas trabajadas en el año de referencia por el personal de producción, ventas y servicios, comprende las horas normales y extraordinarias dedicadas a las actividades. Incluye: tiempo de espera, preparación de labores, mantenimiento y limpieza. Excluye: el tiempo de suspensión de labores por huelgas, paros, vacaciones, licencias temporales por incapacidad y fenómenos naturales.",miles de horas,float,15,De - 99999999999999 a 99999999999999 ó Null
H203A ,"Personal administrativo, contable y de dirección. Comprende a todas las personas que trabajaron durante el periodo de referencia dependiendo contractualmente de la unidad económica, sujetas a su dirección y control, a cambio de una remuneración fija y periódica por desempeñar labores generales de oficina, así como de contabilidad, ejecutivas de planeación, organización, dirección y control para la propia unidad económica.",Personas,float,15,De - 99999999999999 a 99999999999999 ó Null
H203B ,"Personal administrativo, contable y de dirección, hombres. Comprende a todas las personas que trabajaron durante el periodo de referencia dependiendo contractualmente de la unidad económica, sujetas a su dirección y control, a cambio de una remuneración fija y periódica por desempeñar labores generales de oficina, así como de contabilidad, ejecutivas de planeación, organización, dirección y control para la propia unidad económica.",Personas,float,15,De - 99999999999999 a 99999999999999 ó Null
H203C ,"Personal administrativo, contable y de dirección, mujeres. Comprende a todas las personas que trabajaron durante el periodo de referencia dependiendo contractualmente de la unidad económica, sujetas a su dirección y control, a cambio de una remuneración fija y periódica por desempeñar labores generales de oficina, así como de contabilidad, ejecutivas de planeación, organización, dirección y control para la propia unidad económica.",Personas,float,15,De - 99999999999999 a 99999999999999 ó Null
H203D ,"Horas trabajadas por personal administrativo, contable y de dirección. Es el total de horas trabajadas en el año de referencia por el personal administrativo, contable y de dirección, comprende las horas normales y extraordinarias dedicadas a las actividades. Incluye: tiempo de espera, preparación de labores, mantenimiento y limpieza. Excluye: el tiempo de suspensión de labores por huelgas, paros, vacaciones, licencias temporales por incapacidad y fenómenos naturales.",miles de horas,float,15,De - 99999999999999 a 99999999999999 ó Null
H020A ,"Propietarios, familiares y otros trabajadores no remunerados. Son las personas que trabajaron bajo la dirección y control de la unidad económica, cubriendo como mínimo una tercera parte de la jornada laboral de la misma, sin recibir un sueldo o salario fijo de forma periódica. Incluye: a los propietarios, familiares de éstos, socios activos, personal que labora para la unidad económica percibiendo exclusivamente propinas, prestadores de servicio social, becarios por el sistema nacional de empleo o en programas de capacitación y entrenamiento, trabajadores meritorios y los trabajadores voluntarios. Excluye: a las personas que prestaron sus servicios profesionales o técnicos y cobraron honorarios por esto; pensionados, jubilados; y al personal suministrado por otra razón social.",Personas,float,15,De - 99999999999999 a 99999999999999 ó Null
H020B ,"Propietarios, familiares y otros trabajadores no remunerados, hombres. Son las personas que trabajaron bajo la dirección y control de la unidad económica, cubriendo como mínimo una tercera parte de la jornada laboral de la misma, sin recibir un sueldo o salario fijo de forma periódica. Incluye: a los propietarios, familiares de éstos, socios activos, personal que labora para la unidad económica percibiendo exclusivamente propinas, prestadores de servicio social, becarios por el sistema nacional de empleo o en programas de capacitación y entrenamiento, trabajadores meritorios y los trabajadores voluntarios. Excluye: a las personas que prestaron sus servicios profesionales o técnicos y cobraron honorarios por esto; pensionados, jubilados; y al personal suministrado por otra razón social.",Personas,float,15,De - 99999999999999 a 99999999999999 ó Null
H020C ,"Propietarios, familiares y otros trabajadores no remunerados, mujeres. Son las personas que trabajaron bajo la dirección y control de la unidad económica, cubriendo como mínimo una tercera parte de la jornada laboral de la misma, sin recibir un sueldo o salario fijo de forma periódica. Incluye: a los propietarios, familiares de éstos, socios activos, personal que labora para la unidad económica percibiendo exclusivamente propinas, prestadores de servicio social, becarios por el sistema nacional de empleo o en programas de capacitación y entrenamiento, trabajadores meritorios y los trabajadores voluntarios. Excluye: a las personas que prestaron sus servicios profesionales o técnicos y cobraron honorarios por esto; pensionados, jubilados; y al personal suministrado por otra razón social.",Personas,float,15,De - 99999999999999 a 99999999999999 ó Null
H020D ,"Horas trabajadas por propietarios, familiares y otros trabajadores no remunerados. Es el total de horas trabajadas en el año de referencia por los propietarios, familiares y otro personal no remunerado, comprende las horas normales y extraordinarias dedicadas a las actividades. Incluye: tiempo de espera, preparación de labores, mantenimiento y limpieza. Excluye: el tiempo de suspensión de labores por huelgas, paros, vacaciones, licencias temporales por incapacidad y fenómenos naturales.",miles de horas,float,15,De - 99999999999999 a 99999999999999 ó Null
I000A ,"Personal no dependiente de la razón social. Son todas las personas que trabajaron para la unidad económica durante el periodo de referencia, pero que dependían contractualmente de otra razón social o laboraron por cuenta propia para la unidad económica y realizaron labores ligadas con la prestación de servicios, producción, comercialización, administración y contabilidad, entre otras, cubriendo como mínimo una tercera parte de la jornada laboral de la unidad económica. Excluye: al personal que trabajó en la unidad económica por la contratación de servicios de vigilancia, limpieza y jardinería.",Personas,float,15,De - 99999999999999 a 99999999999999 ó Null
I000B ,"Personal no dependiente de la razón social, hombres. Son todas las personas que trabajaron para la unidad económica durante el periodo de referencia, pero que dependían contractualmente de otra razón social o laboraron por cuenta propia para la unidad económica y realizaron labores ligadas con la prestación de servicios, producción, comercialización, administración y contabilidad, entre otras, cubriendo como mínimo una tercera parte de la jornada laboral de la unidad económica. Excluye: al personal que trabajó en la unidad económica por la contratación de servicios de vigilancia, limpieza y jardinería.",Personas,float,15,De - 99999999999999 a 99999999999999 ó Null
I000C ,"Personal no dependiente de la razón social, mujeres. Son todas las personas que trabajaron para la unidad económica durante el periodo de referencia, pero que dependían contractualmente de otra razón social o laboraron por cuenta propia para la unidad económica y realizaron labores ligadas con la prestación de servicios, producción, comercialización, administración y contabilidad, entre otras, cubriendo como mínimo una tercera parte de la jornada laboral de la unidad económica. Excluye: al personal que trabajó en la unidad económica por la contratación de servicios de vigilancia, limpieza y jardinería.",Personas,float,15,De - 99999999999999 a 99999999999999 ó Null
I000D ,"Horas trabajadas por personal no dependiente de la razón social. Es el total de horas trabajadas en el año de referencia por el personal ocupado no dependiente de la razón social, comprende las horas normales y extraordinarias dedicadas a las actividades. Incluye: tiempo de espera, preparación de labores, mantenimiento y limpieza. Excluye: el tiempo de suspensión de labores por huelgas, paros, vacaciones, licencias temporales por incapacidad y fenómenos naturales.",miles de horas,float,15,De - 99999999999999 a 99999999999999 ó Null
I100A ,"Personal suministrado por otra razón social. Son las personas que trabajaron durante el año de referencia para la unidad económica, pero que dependían contractualmente de otra razón social. Excluye: al personal que trabajó en el establecimiento por la contratación de servicios como vigilancia, limpieza y jardinería.",Personas,float,15,De - 99999999999999 a 99999999999999 ó Null
I100B ,"Personal suministrado por otra razón social, hombres. Son las personas que trabajaron durante el año de referencia para la unidad económica, pero que dependían contractualmente de otra razón social. Excluye: al personal que trabajó en el establecimiento por la contratación de servicios como vigilancia, limpieza y jardinería.",Personas,float,15,De - 99999999999999 a 99999999999999 ó Null
I100C ,"Personal suministrado por otra razón social, mujeres. Son las personas que trabajaron durante el año de referencia para la unidad económica, pero que dependían contractualmente de otra razón social. Excluye: al personal que trabajó en el establecimiento por la contratación de servicios como vigilancia, limpieza y jardinería.",Personas,float,15,De - 99999999999999 a 99999999999999 ó Null
I100D ,"Horas trabajadas por personal suministrado por otra razón social. Es el total de horas trabajadas en el año de referencia por el personal ocupado contratado y proporcionado por otra razón social, comprende las horas normales y extraordinarias dedicadas a las actividades. Incluye: tiempo de espera, preparación de labores, mantenimiento y limpieza. Excluye: el tiempo de suspensión de labores por huelgas, paros, vacaciones, licencias temporales por incapacidad y fenómenos naturales.",miles de horas,float,15,De - 99999999999999 a 99999999999999 ó Null
I200A ,"Personal por honorarios o comisiones sin sueldo base. Son los trabajadores que laboraron por cuenta propia para la unidad económica y que cobraron exclusivamente con base en honorarios o comisiones. Excluye: a las personas que recibieron como pago exclusivamente propinas, abogados, médicos, contadores y demás profesionistas que cobraron honorarios o igualas por la prestación de sus servicios profesionales, sin laborar de manera regular o exclusiva para la unidad económica.",Personas,float,15,De - 99999999999999 a 99999999999999 ó Null
I200B ,"Personal por honorarios o comisiones sin sueldo base, hombres. Son los trabajadores que laboraron por cuenta propia para la unidad económica y que cobraron exclusivamente con base en honorarios o comisiones. Excluye: a las personas que recibieron como pago exclusivamente propinas, abogados, médicos, contadores y demás profesionistas que cobraron honorarios o igualas por la prestación de sus servicios profesionales, sin laborar de manera regular o exclusiva para la unidad económica.",Personas,float,15,De - 99999999999999 a 99999999999999 ó Null
I200C,"Personal por honorarios o comisiones sin sueldo base, mujeres. Son los trabajadores que laboraron por cuenta propia para la unidad económica y que cobraron exclusivamente con base en honorarios o comisiones. Excluye: a las personas que recibieron como pago exclusivamente propinas, abogados, médicos, contadores y demás profesionistas que cobraron honorarios o igualas por la prestación de sus servicios profesionales, sin laborar de manera regular o exclusiva para la unidad económica.",Personas,float,15,De - 99999999999999 a 99999999999999 ó Null
I200D,"Horas trabajadas por personal por honorarios o comisiones sin sueldo base. Es el total de horas trabajadas en el año de referencia por el personal ocupado por honorarios o comisiones sin sueldo base, comprende las horas normales y extraordinarias dedicadas a las actividades. Incluye: tiempo de espera, preparación de labores, mantenimiento y limpieza. Excluye: el tiempo de suspensión de labores por huelgas, paros, vacaciones, licencias temporales por incapacidad y fenómenos naturales.",miles de horas,float,15,De - 99999999999999 a 99999999999999 ó Null
J000A,"Remuneraciones. Son todos los pagos y aportaciones normales y extraordinarias, en dinero y especie, antes de cualquier deducción, para retribuir el trabajo del personal dependiente de la razón social, en forma de salarios y sueldos, prestaciones sociales y utilidades repartidas al personal, ya sea que este pago se calcule sobre la base de una jornada de trabajo o por la cantidad de trabajo desarrollado (destajo), o mediante un salario base que se complementa con comisiones por ventas u otras actividades. Incluye: las contribuciones patronales a regímenes de seguridad social, el pago realizado al personal con licencia y permiso temporal. Excluye: los pagos por liquidaciones o indemnizaciones, pagos a terceros por el suministro de personal ocupado; pagos exclusivamente de comisiones para aquel personal que no recibió un sueldo base; pagos de honorarios por servicios profesionales contratados de manera infrecuente.",millones de pesos,float,15,De - 99999999999999 a 99999999999999 ó Null
J010A,"Salarios al personal de producción, ventas y servicios. Son los pagos que realizó la unidad económica para retribuir el trabajo ordinario y extraordinario del personal dependiente de la razón social, tanto de planta como eventual, antes de cualquier deducción retenida por los empleadores (impuesto sobre la renta o sobre el producto del trabajo), las aportaciones de los trabajadores a los regímenes de seguridad social (IMSS, INFONAVIT) y las cuotas sindicales. Incluye: aguinaldos, comisiones sobre ventas que complementan el sueldo base, primas vacacionales, bonificaciones, incentivos y bonos de productividad y los pagos en especie otorgados. Excluye: los gastos en pasajes y viáticos, alimentación, y en general, los gastos reembolsables al trabajador.",millones de pesos,float,15,De - 99999999999999 a 99999999999999 ó Null
J203A,"Sueldos al personal administrativo, contable y de dirección. Son los pagos que realizó la unidad económica para retribuir el trabajo ordinario y extraordinario del personal dependiente de la razón social, antes de cualquier deducción retenida por los empleadores (impuesto sobre la renta o sobre el producto del trabajo), las aportaciones de los trabajadores a los regímenes de seguridad social (IMSS, ISSSTE, INFONAVIT) y las cuotas sindicales. Incluye: aguinaldos; comisiones sobre ventas que complementan el sueldo base; primas vacacionales; bonificaciones; incentivos y bonos de productividad. Excluye: los gastos en pasajes y viáticos, alimentación y, en general, los gastos reembolsables al trabajador; los pagos al personal que no depende de la unidad económica y que cobra exclusivamente a base de honorarios o comisiones; y los pagos que la unidad económica realiza a otra razón social por concepto de suministro de personal.",millones de pesos,float,15,De - 99999999999999 a 99999999999999 ó Null
J300A,Contribuciones patronales a regímenes de seguridad social. Son todas las aportaciones monetarias que la unidad económica cubrió con sus recursos a instituciones de seguridad social en beneficio de los trabajadores remunerados.,millones de pesos,float,15,De - 99999999999999 a 99999999999999 ó Null
J400A,"Otras prestaciones sociales. Son los pagos que la unidad económica realizó a instituciones privadas en beneficio de sus trabajadores o que otorgó directamente en especie al personal remunerado, en complemento o adición a los sueldos y salarios, tales como servicios médicos privados, despensas, primas de seguros, servicios educativos, ayudas para estudio y guarderías. Excluye: las contribuciones patronales a regímenes de seguridad social, compra de equipo, uniformes y ropa de trabajo; costos de capacitación; primas vacacionales; erogaciones para actividades deportivas y recreativas; gastos por concepto de pasajes, viáticos y alimentación; además de todos aquellos gastos reembolsables al trabajador. ",millones de pesos,float,15,De - 99999999999999 a 99999999999999 ó Null
J500A,"Utilidades repartidas a los trabajadores. Son los pagos en efectivo que la unidad económica distribuyó entre el personal, antes de cualquier deducción, por concepto de utilidades, conforme a la legislación laboral o las cláusulas de los contratos colectivos de trabajo o convenios entre patrones y trabajadores, cualquiera que sea el ejercicio al que correspondan.",millones de pesos,float,15,De - 99999999999999 a 99999999999999 ó Null
J600A,"Pagos por indemnización o liquidación del personal. Se refiere a la compensación monetaria que se otorgó a los trabajadores por concepto de despido, retiro o terminación de contrato laboral con la unidad económica.",millones de pesos,float,15,De - 99999999999999 a 99999999999999 ó Null
K000A,"Gastos por consumo de bienes y servicios. Es el valor de todos los bienes y servicios consumidos por la unidad económica para realizar sus operaciones en el periodo de referencia, independientemente del periodo en que hayan sido comprados o adquiridos, considerando el valor de los bienes y servicios que recibió de otros establecimientos de la misma empresa (con o sin costo) para su uso en las actividades de producción u operación de la unidad económica. Incluye: el valor de los bienes y servicios que recibió en transferencia para su consumo o transformación y fueron efectivamente consumidos, en sus actividades productivas o relacionadas con las mismas. Excluye: los gastos fiscales, financieros, donaciones y los gastos de las empresas o razones sociales controladas por esta empresa. 
Gastos de origen nacional. Son todos aquéllos que fueron realizados con residentes del país, independiente­mente del origen de los bienes.
Gastos de origen extranjero. Son todos aquellos gastos por consumo de bienes y servicios que fueron realizados directamente por la unidad económica con residentes del exterior.",millones de pesos,float,15,De - 99999999999999 a 99999999999999 ó Null
K010A,"Mercancías y bienes comprados para la reventa. Es el valor de las mercancías que compró la unidad económica para venderlas en las mismas condiciones en que las adquirió, así como los gastos realizados por el gas que comercializó con los usuarios. Incluye: las mercancías para reventa que recibió de otros establecimientos de la misma empresa. Excluye: las mercancías recibidas en consignación.",millones de pesos,float,15,De - 99999999999999 a 99999999999999 ó Null
K020A,"Materiales e insumos consumidos para la prestación de servicios. Es el importe de los productos y materiales de cualquier especie, a costo de adquisición, que fueron consumidos por la unidad económica para proporcionar el servicio que constituye su actividad normal. Incluye: los materiales consumidos provenientes de otros establecimientos de la misma empresa, así como los gastos por servicios de transmisión de energía eléctrica, gastos por servicios de distribución, conducción y entrega de gas o productos derivados del petróleo y los gastos del servicio de transporte por ductos proporcionados a terceros.",millones de pesos,float,15,De - 99999999999999 a 99999999999999 ó Null
K030A,"Materias primas y materiales que se integran a la producción. Es el valor a costo de adquisición en el mercado nacional o extranjero, de las materias primas y auxiliares consumidas en los procesos de producción; el valor de los materiales consumidos en las obras ejecutadas de manera directa; el valor de los insumos consumidos para la extracción de hidrocarburos; el importe de los agentes o componentes químicos que producen detonaciones, el valor de los insumos utilizados para el beneficio y precipitación de minerales y para determinar su naturaleza, así como el valor de los bienes no duraderos consumidos para las actividades de pesca o acuicultura.",millones de pesos,float,15,De - 99999999999999 a 99999999999999 ó Null
K311A,"Gastos por consumo de papelería y artículos de oficina. Es el valor a costo de adquisición de libretas, fólderes, elementos de escritura, consumibles de computación y en general, todos aquellos materiales que se emplean en oficinas y que fueron consumidos por la unidad económica. Incluye: los consumidos provenientes de otros establecimientos de la misma empresa.",millones de pesos,float,15,De - 99999999999999 a 99999999999999 ó Null
K040A,"Consumo de combustibles, lubricantes y energéticos. Es el importe por consumo en combustibles y lubricantes que realizó la unidad económica para el funcionamiento de la maquinaria, equipo y los vehículos.",millones de pesos,float,15,De - 99999999999999 a 99999999999999 ó Null
K041A,"Consumo de energía eléctrica. Es el valor a costo de adquisición que la unidad económica gastó por la utilización de la energía eléctrica, así como el costo de la energía eléctrica comprada a otras empresas del sector eléctrico y permisionarios, para la reventa.",millones de pesos,float,15,De - 99999999999999 a 99999999999999 ó Null
K050A,Renta y alquiler de bienes muebles e inmuebles. Son los gastos por concepto de arrendamiento puro u operativo (arrendamiento no financiero) o alquiler de maquinaria y equipo o bienes inmuebles para el desempeño de las actividades económicas.,millones de pesos,float,15,De - 99999999999999 a 99999999999999 ó Null
K610A,"Pagos a otra razón social que contrató y proporcionó personal. Son los pagos que realizó la unidad económica a otra razón social que le suministró personal para el desempeño de las actividades productivas y de apoyo. Excluye: los pagos por la contratación de servicios, por ejemplo: vigilancia, intendencia, limpieza, jardinería, entre otros.",millones de pesos,float,15,De - 99999999999999 a 99999999999999 ó Null
K620A,Gastos por honorarios o comisiones sin sueldo base. Es el importe de los gastos que realizó la unidad económica por estos conceptos al personal que no recibe una remuneración base. Excluye: las comisiones pagadas en adición a un salario base.,millones de pesos,float,15,De - 99999999999999 a 99999999999999 ó Null
K060A,"Contratación de servicios profesionales, científicos y técnicos. Comprende los gastos por servicios profesionales, científicos y técnicos que recibió de consultores independientes y compañías especializadas en temas contables, legales y de administración, proyectos de ingeniería técnica y de detalle, asesoría comercial, mercadotecnia y servicios relacionados.",millones de pesos,float,15,De - 99999999999999 a 99999999999999 ó Null
K070A,"Maquila y servicios de producción de bienes por contrato. Son los pagos efectuados por la unidad económica a otra razón social, por servicios industriales de transformación parcial o total de sus materias primas, así como el monto que pagó a terceros por la prestación de servicios especializados en una o varias etapas de la producción; los pagos a subcontratistas por la ejecución de una parte de la obra o de la totalidad de los trabajos u obras de construcción, así como los pagos por los servicios de beneficio de minerales.",millones de pesos,float,15,De - 99999999999999 a 99999999999999 ó Null
K810A,"Gastos por publicidad. Es el valor de los gastos a costo de adquisición que realizó la unidad económica para la difusión y propaganda de sus bienes, servicios o su imagen pública. Incluye: publicidad en radio, televisión, Internet, periódicos y revistas, los pagos a agencias de publicidad, la distribución de volantes y calendarios, plumas y otros artículos publicitarios.",millones de pesos,float,15,De - 99999999999999 a 99999999999999 ó Null
K820A,"Gastos por servicios de comunicación. Es el valor de los gastos a costo de adquisición que realizó la unidad económica por el uso de diversos servicios de telecomunicaciones, como teléfono, fax, Internet y satélite; así como por los servicios de mensajería y correo. Incluye: los servicios de acceso a la información en línea.",millones de pesos,float,15,De - 99999999999999 a 99999999999999 ó Null
K910A,"Gastos por consumo de envases y empaques. Es el valor a costo de adquisición de los artículos y materiales de cualquier naturaleza usados para contener, mejorar la presentación y proteger los productos del maltrato, descomposición, daño o merma. Incluye: los materiales para producir o armar los envases y empaques, y los consumidos provenientes de otros establecimientos de la misma empresa. Excluye: los enviados a otros establecimientos de la misma empresa.",millones de pesos,float,15,De - 99999999999999 a 99999999999999 ó Null
K950A,"Reparaciones y refacciones para mantenimiento corriente. Comprende los gastos por servicios de terceros por la reparación y mantenimiento corriente de los activos fijos de la unidad económica, así como por el consumo de refacciones y partes empleadas en aquellas reparaciones realizadas por el propio establecimiento en los activos fijos de su propiedad. Excluye: las partes y refacciones empleadas en la producción o reparaciones mayores de los activos fijos propios.",millones de pesos,float,15,De - 99999999999999 a 99999999999999 ó Null
K096A,"Fletes de productos vendidos. Comprende los pagos realizados a terceros por los servicios de transporte de productos vendidos, relacionados únicamente con la manipulación, recepción, entrega o distribución de productos, mercancías y bienes vendidos por la unidad económica, ya sea mediante transporte terrestre local o foráneo, aéreo (nacional o internacional) y marítimo. ",millones de pesos,float,15,De - 99999999999999 a 99999999999999 ó Null
K976A,"Consumo de agua. Es el importe por el consumo de agua suministrada por la red municipal o por pipas, ya sea para el consumo humano o empleada en el proceso productivo. ",millones de pesos,float,15,De - 99999999999999 a 99999999999999 ó Null
K090A,"Consumo de otros bienes y servicios. Comprende otros gastos de operación normal de la unidad económica, como los gastos por primas de seguros de bienes, gastos por viáticos y pasajes, los gastos por regalías, así como la contratación de los servicios de vigilancia, intendencia, limpieza, jardinería, entre otros; equipo, uniformes y ropa de trabajo; los costos por selección, capacitación y administración de personal; los pagos a instructores internos y externos; los materiales de capacitación y los pagos a instituciones de educación (becas); actividades deportivas y recreativas; y otro tipo de materiales y servicios no considerados anteriormente.",millones de pesos,float,15,De - 99999999999999 a 99999999999999 ó Null
A700A,"Total de gastos. Es el monto total que la unidad económica destinó al consumo de bienes, servicios y otras erogaciones financieras, fiscales y donaciones sin contrapartida a personas físicas y morales.",millones de pesos,float,15,De - 99999999999999 a 99999999999999 ó Null
M000A,"Ingresos por suministro de bienes y servicios. Es el monto que obtuvo la unidad económica durante el periodo de referencia, por todas aquellas actividades de producción de bienes, comercialización de mercancías y prestación de servicios. Incluye: el valor de los bienes y servicios transferidos a otras unidades económicas de la misma empresa, más todas las erogaciones o impuestos cobrados al comprador. Excluye: los ingresos financieros, subsidios, cuotas, aportaciones y venta de activos fijos. 
Ingresos de origen nacional. Son todos aquellos ingresos que la unidad económica obtuvo de residentes del país, independientemente del destino de los bienes.
Ingresos de origen extranjero. Son todos aquellos ingresos que la unidad económica obtuvo directamente de residentes en el exterior.
",millones de pesos,float,15,De - 99999999999999 a 99999999999999 ó Null
M010A,"Ingresos por la reventa de mercancías y bienes. Son los ingresos a valor de venta que obtuvo la unidad económica por la compra-venta de mercancías y bienes en el mismo estado en que los recibió, así como los ingresos obtenidos por la venta de gas a los usuarios. ",millones de pesos,float,15,De - 99999999999999 a 99999999999999 ó Null
M020A,"Ingresos por prestación de servicios profesionales, científicos y técnicos. Son los ingresos a valor de venta que obtuvo la unidad económica por la prestación de sus servicios profesionales o técnicos que constituyen su actividad normal; comprende los ingresos obtenidos por el servicio de transporte de pasajeros, de carga, de mensajería y paquetería; el transporte de energía eléctrica; por servicios de distribución y comercialización de gas natural, el transporte por ductos; por servicios de exploración minera, así como los obtenidos por servicios de asesoría financiera y de publicidad.",millones de pesos,float,15,De - 99999999999999 a 99999999999999 ó Null
M030A,"Venta de productos elaborados, generados o extraídos. Son los ingresos obtenidos por la venta de la producción efectuada durante el periodo o en periodos anteriores. Comprende los ingresos por la venta de energía eléctrica generada, por el suministro de agua potable para el uso doméstico, comercial, industrial y de servicios públicos, por la venta de agua tratada y la distribución de agua en pipas; los ingresos por la ejecución de obras como contratista principal y subcontratista, por la administración y supervisión de obras, por la venta de petróleo crudo, gas natural y condensados, por ventas de minerales extraídos y beneficiados, los minerales extraídos sin beneficio y por la producción pesquera o acuícola.",millones de pesos,float,15,De - 99999999999999 a 99999999999999 ó Null
M050A,"Ingresos por alquiler de bienes muebles e inmuebles. Son los ingresos a valor de venta por la cesión temporal a otra razón social del derecho de uso o disfrute de los bienes muebles (maquinaria, equipo, mobiliario, etc.) e inmuebles (locales, terrenos, edificios, etc.) de su propiedad.",millones de pesos,float,15,De - 99999999999999 a 99999999999999 ó Null
M700A,"Ingresos por maquilar o transformar materias primas propiedad de terceros. Son los ingresos obtenidos por la unidad económica por la fabricación, ensamble u otro tipo de transformación de las materias primas propiedad de terceros. Incluye: los ingresos por la transformación de insumos importados temporalmente que fueron transferidos a la unidad económica. Excluye: el valor de los insumos consumidos.",millones de pesos,float,15,De - 99999999999999 a 99999999999999 ó Null
M090A,"Otros ingresos por suministro de bienes y servicios. Son los ingresos obtenidos por regalías y servicios de almacenaje, así como otros conceptos no considerados anteriormente.",millones de pesos,float,15,De - 99999999999999 a 99999999999999 ó Null
A800A,"Total de ingresos. Es el monto total que la unidad económica obtuvo por la venta de bienes, servicios, intereses, otros ingresos financieros y las donaciones recibidas sin contrapartida.",millones de pesos,float,15,De - 99999999999999 a 99999999999999 ó Null
P000A,"Inventario inicial. Es el valor en libros (saldo en el inventario inicial) de los bienes que no habían sido terminados, consumidos o vendidos, así como los productos terminados que se encontraban formando parte de sus inventarios en almacén, lugares de exhibición o venta durante las fechas señaladas, independientemente del periodo en que hayan sido producidos o adquiridos. Excluye: los activos fijos.",millones de pesos,float,15,De - 99999999999999 a 99999999999999 ó Null
P000B,"Inventario final. Es el valor en libros (saldo en el inventario final) de los bienes que no habían sido terminados, consumidos o vendidos, así como los productos terminados que se encontraban formando parte de sus inventarios en almacén, lugares de exhibición o venta durante las fechas señaladas, independientemente del periodo en que hayan sido producidos o adquiridos. Excluye: los activos fijos.",millones de pesos,float,15,De - 99999999999999 a 99999999999999 ó Null
P000C,"Variación de existencias. Es la diferencia entre el valor en libros, al final del periodo de estudio, de los productos terminados, bienes en proceso de elaboración e insumos propiedad de la unidad económica, respecto del valor de los productos terminados, bienes en proceso de elaboración e insumos que tenía al inicio del periodo. Excluye: los activos fijos.",millones de pesos,float,15,De - 99999999999999 a 99999999999999 ó Null
P100A,"Inventario inicial de mercancías compradas para reventa. Es el valor en libros (saldo en el inventario inicial) de las mercancías compradas para su reventa, propiedad de la unidad económica, que se encontraban formando parte de sus inventarios durante las fechas señaladas, independientemente del periodo en que fueron adquiridas. Incluye: las mercancías compradas para su reventa que no habían sido vendidas y que fueron enviadas a terceros para su venta a consignación; así como las que se recibieron de otras unidades económicas de la misma empresa. Excluye: las mercancías que se recibieron en consignación y aún no se vendían, y las que se mandaron a otras unidades económicas de la misma empresa.",millones de pesos,float,15,De - 99999999999999 a 99999999999999 ó Null
P100B,"Inventario final de mercancías compradas para reventa. Es el valor en libros (saldo en el inventario final) de las mercancías compradas para su reventa, propiedad de la unidad económica, que se encontraban formando parte de sus inventarios durante las fechas señaladas, independientemente del periodo en que fueron adquiridas. Incluye: las mercancías compradas para su reventa que no habían sido vendidas y que fueron enviadas a terceros para su venta a consignación; así como las que se recibieron de otras unidades económicas de la misma empresa. Excluye: las mercancías que se recibieron en consignación y aún no se vendían, y las que se mandaron a otras unidades económicas de la misma empresa.",millones de pesos,float,15,De - 99999999999999 a 99999999999999 ó Null
P030A,"Inventario inicial de productos en proceso. Es el valor en libros (saldo en el inventario inicial) de los productos que estaban en proceso de producción, durante las fechas señaladas. Incluye: los productos enviados a maquila que no se habían recibido, los minerales extraídos, explotados y comprados y los que no habían sido beneficiados.",millones de pesos,float,15,De - 99999999999999 a 99999999999999 ó Null
P030B,"Inventario final de productos en proceso. Es el valor en libros (saldo en el inventario final) de los productos que estaban en proceso de producción, durante las fechas señaladas. Incluye: los productos enviados a maquila que no se habían recibido, los minerales extraídos, explotados y comprados los que no habían sido beneficiados.",millones de pesos,float,15,De - 99999999999999 a 99999999999999 ó Null
P030C,"Variación de inventarios de productos en proceso. Es la diferencia entre el valor en libros, al final del periodo de estudio, de los productos en proceso de elaboración, respecto del valor de los bienes en proceso que tenía al inicio del periodo. Excluye: los activos fijos.",millones de pesos,float,15,De - 99999999999999 a 99999999999999 ó Null
Q000A,"Acervo total de activos fijos. Es el valor actualizado de todos aquellos bienes, propiedad de la unidad económica –cuya vida útil es superior a un año– que tienen la capacidad de producir o proporcionar las condiciones necesarias para la generación de bienes y servicios. Incluye: los activos fijos propiedad de la unidad económica alquilados a terceros; los que utiliza normalmente, aun cuando sean asignados temporalmente a otras unidades económicas de la misma empresa; los que produce la unidad económica para uso propio y los activos fijos que obtuvo en arrendamiento financiero. Excluye: los activos fijos que utilizan normalmente otras unidades económicas de la misma empresa; los activos fijos en arrendamiento puro; las reparaciones menores de los activos fijos; los gastos por reparación y mantenimiento corriente. ",millones de pesos,float,15,De - 99999999999999 a 99999999999999 ó Null
Q000B," Depreciación total de activos fijos. Comprende la pérdida de valor durante el periodo de referencia, por el uso u obsolescencia de los activos fijos propiedad de la unidad económica.",millones de pesos,float,15,De - 99999999999999 a 99999999999999 ó Null
Q000C," Compras totales de activos fijos. Es el monto de las adquisiciones y transferencias recibidas de activos fijos a valor actual, nuevos o usados, que durante el periodo de referencia realizó la unidad económica, sumando todas las erogaciones en que incurrió para llevar e instalar los activos fijos en la unidad económica y su puesta en funcionamiento. Incluye: las mejoras, reformas y renovaciones de importancia que realizó la unidad económica en sus activos fijos para incrementar la productividad o vida útil de éstos y la producción de activos fijos para uso propio. Excluye: las reparaciones y mantenimiento corriente de los activos fijos.",millones de pesos,float,15,De - 99999999999999 a 99999999999999 ó Null
Q000D,"Ventas totales de activos fijos. Es el monto de las ventas realizadas durante el periodo de referencia, de los activos fijos que fueron propiedad de la unidad económica.",millones de pesos,float,15,De - 99999999999999 a 99999999999999 ó Null
Q010A,"Acervo total de maquinaria y equipo de producción. Es el valor actualizado o a costo de reposición el día 31 de diciembre del periodo de referencia, de la maquinaria y el equipo mecánico, eléctrico, computarizado o de otro tipo, propiedad de la unidad económica, vinculado directamente con sus procesos de producción, comercialización o prestación de servicios y tareas auxiliares, así como el equipo para el servicio de transporte de pasajeros y carga, la construcción, la explotación y extracción de minerales, embarcaciones, artes y equipo para la pesca y la acuicultura.",millones de pesos,float,15,De - 99999999999999 a 99999999999999 ó Null
Q020A,"Acervo total de bienes inmuebles. Es el valor actualizado a costo de reposición el día 31 de diciembre del periodo de referencia, de los edificios, locales, construcciones e instalaciones como pozos y plataformas marinas, ductos, estructuras y equipo de compresión, regulación y medición de hidrocarburos, de telecomunicaciones y otras construcciones, como plantas de tratamiento, obras de toma, líneas de conducción, propiedad de la unidad económica, que utilizó para el desarrollo de sus actividades; así como las áreas para estacionamiento, esparcimiento, áreas verdes, entre otras. Incluye: el valor de los terrenos, estén o no edificados, situados en la misma ubicación física de la unidad económica.",millones de pesos,float,15,De - 99999999999999 a 99999999999999 ó Null
Q030A,"Acervo total de unidades y equipo de transporte. Es el valor actualizado a costo de reposición el día 31 de diciembre del periodo de referencia, del equipo de transporte (vehículos automotores, aviones, barcos, etcétera) propiedad de la unidad económica, que utilizó para transportar personas o carga fuera de la misma. Excluye: el equipo necesario para transportar o levantar carga dentro de la unidad económica.",millones de pesos,float,15,De - 99999999999999 a 99999999999999 ó Null
Q400A,"Acervo total de equipo de cómputo y periféricos. Es el valor actualizado a costo de reposición del equipo de cómputo y sus periféricos, propiedad de la unidad económica, que no estaban integrados a la maquinaria y equipo de producción, como son las computadoras, redes de comunicación, impresoras, digitalizadores, entre otros. Excluye: el software.",millones de pesos,float,15,De - 99999999999999 a 99999999999999 ó Null
Q900A,"Acervo total de mobiliario, equipo de oficina y otros activos fijos. Es el valor actualizado a costo de reposición del mobiliario, equipo de oficina y otros bienes de capital propiedad de la unidad económica, cuya vida útil sea mayor a un año y que proporcionaron las condiciones necesarias para llevar a cabo la actividad productiva de la unidad económica.",millones de pesos,float,15,De - 99999999999999 a 99999999999999 ó Null
